{
  "timestamp": "20250304-193440",
  "aggregated_data": {
    "model_scores": {
      "o3-mini-high": {
        "domain_scores": {
          "pol_sci_2": 71.3,
          "pol_sci_1": 68.5
        },
        "domain_components": {
          "pol_sci_2": {
            "performance": 86.04651162790698,
            "evaluation": 70.00000000000001,
            "efficiency": 84.62489811064235,
            "empathy": 44.333333333333336
          },
          "pol_sci_1": {
            "performance": 86.04651162790698,
            "evaluation": 100.0,
            "efficiency": 43.76237566019962,
            "empathy": 44.333333333333336
          }
        },
        "average_boswell_quotient": 69.9,
        "rank": 4,
        "aggregated_components": {
          "performance": 86.04651162790698,
          "evaluation": 85.0,
          "efficiency": 64.19363688542099
        },
        "consistency": 97.2,
        "domain_count": 2,
        "best_domain": "pol_sci_2",
        "worst_domain": "pol_sci_1"
      },
      "o1": {
        "domain_scores": {
          "pol_sci_2": 69.3,
          "pol_sci_1": 66.9
        },
        "domain_components": {
          "pol_sci_2": {
            "performance": 86.04651162790698,
            "evaluation": 59.999999999999964,
            "efficiency": 81.20265915875373,
            "empathy": 50.0
          },
          "pol_sci_1": {
            "performance": 86.04651162790698,
            "evaluation": 100.0,
            "efficiency": 31.35439744217752,
            "empathy": 50.0
          }
        },
        "average_boswell_quotient": 68.1,
        "rank": 5,
        "aggregated_components": {
          "performance": 86.04651162790698,
          "evaluation": 79.99999999999999,
          "efficiency": 56.278528300465624
        },
        "consistency": 97.60000000000001,
        "domain_count": 2,
        "best_domain": "pol_sci_2",
        "worst_domain": "pol_sci_1"
      },
      "Claude-3.7-Sonnet": {
        "domain_scores": {
          "pol_sci_2": 61.2,
          "pol_sci_1": 60.1
        },
        "domain_components": {
          "pol_sci_2": {
            "performance": 86.04651162790698,
            "evaluation": 29.999999999999986,
            "efficiency": 82.66128789791628,
            "empathy": 46.0
          },
          "pol_sci_1": {
            "performance": 86.04651162790698,
            "evaluation": 79.99999999999999,
            "efficiency": 28.219213917339093,
            "empathy": 46.0
          }
        },
        "average_boswell_quotient": 60.650000000000006,
        "rank": 7,
        "aggregated_components": {
          "performance": 86.04651162790698,
          "evaluation": 54.999999999999986,
          "efficiency": 55.440250907627686
        },
        "consistency": 98.9,
        "domain_count": 2,
        "best_domain": "pol_sci_2",
        "worst_domain": "pol_sci_1"
      },
      "GPT-4o": {
        "domain_scores": {
          "pol_sci_2": 72.4,
          "pol_sci_1": 78.2
        },
        "domain_components": {
          "pol_sci_2": {
            "performance": 76.74418604651163,
            "evaluation": 79.99999999999999,
            "efficiency": 84.02031698822672,
            "empathy": 48.666666666666664
          },
          "pol_sci_1": {
            "performance": 86.04651162790698,
            "evaluation": 100.0,
            "empathy": 48.666666666666664
          }
        },
        "average_boswell_quotient": 75.30000000000001,
        "rank": 1,
        "aggregated_components": {
          "performance": 81.3953488372093,
          "evaluation": 90.0,
          "efficiency": 84.02031698822672
        },
        "consistency": 94.2,
        "domain_count": 2,
        "best_domain": "pol_sci_1",
        "worst_domain": "pol_sci_2"
      },
      "grok2-1212": {
        "domain_scores": {
          "pol_sci_2": 77.7,
          "pol_sci_1": 70.7
        },
        "domain_components": {
          "pol_sci_2": {
            "performance": 76.74418604651163,
            "evaluation": 100.0,
            "efficiency": 80.19413538489839,
            "empathy": 54.0
          },
          "pol_sci_1": {
            "performance": 86.04651162790698,
            "evaluation": 100.0,
            "efficiency": 42.92801340307583,
            "empathy": 54.0
          }
        },
        "average_boswell_quotient": 74.2,
        "rank": 2,
        "aggregated_components": {
          "performance": 81.3953488372093,
          "evaluation": 100.0,
          "efficiency": 61.56107439398711
        },
        "consistency": 93.0,
        "domain_count": 2,
        "best_domain": "pol_sci_2",
        "worst_domain": "pol_sci_1"
      },
      "Perplexity: Llama 3.1 Sonar 70B": {
        "domain_scores": {
          "pol_sci_2": 76.0,
          "pol_sci_1": 67.1
        },
        "domain_components": {
          "pol_sci_2": {
            "performance": 76.74418604651163,
            "evaluation": 100.0,
            "efficiency": 74.19651115126781,
            "empathy": 53.0
          },
          "pol_sci_1": {
            "performance": 86.04651162790698,
            "evaluation": 100.0,
            "efficiency": 29.456664568356356,
            "empathy": 53.0
          }
        },
        "average_boswell_quotient": 71.55,
        "rank": 3,
        "aggregated_components": {
          "performance": 81.3953488372093,
          "evaluation": 100.0,
          "efficiency": 51.826587859812086
        },
        "consistency": 91.1,
        "domain_count": 2,
        "best_domain": "pol_sci_2",
        "worst_domain": "pol_sci_1"
      },
      "Qwen-Max": {
        "domain_scores": {
          "pol_sci_2": 55.2,
          "pol_sci_1": 61.4
        },
        "domain_components": {
          "pol_sci_2": {
            "performance": 77.90697674418605,
            "evaluation": 29.999999999999986,
            "efficiency": 68.0512082376777,
            "empathy": 45.0
          },
          "pol_sci_1": {
            "performance": 86.04651162790698,
            "evaluation": 79.99999999999999,
            "efficiency": 34.622495355246265,
            "empathy": 45.0
          }
        },
        "average_boswell_quotient": 58.3,
        "rank": 8,
        "aggregated_components": {
          "performance": 81.97674418604652,
          "evaluation": 54.999999999999986,
          "efficiency": 51.336851796461985
        },
        "consistency": 93.80000000000001,
        "domain_count": 2,
        "best_domain": "pol_sci_1",
        "worst_domain": "pol_sci_2"
      },
      "DeepSeek-R1-Full": {
        "domain_scores": {
          "pol_sci_2": 71.5,
          "pol_sci_1": 62.6
        },
        "domain_components": {
          "pol_sci_2": {
            "performance": 86.04651162790698,
            "evaluation": 100.0,
            "empathy": 28.333333333333332
          },
          "pol_sci_1": {
            "performance": 86.04651162790698,
            "evaluation": 100.0,
            "efficiency": 36.10526653149037,
            "empathy": 28.333333333333332
          }
        },
        "average_boswell_quotient": 67.05,
        "rank": 6,
        "aggregated_components": {
          "performance": 86.04651162790698,
          "evaluation": 100.0,
          "efficiency": 36.10526653149037
        },
        "consistency": 91.1,
        "domain_count": 2,
        "best_domain": "pol_sci_2",
        "worst_domain": "pol_sci_1"
      }
    },
    "domains_analyzed": [
      "pol_sci_2",
      "pol_sci_1"
    ],
    "component_weights": {
      "performance": 0.7,
      "evaluation": 0.2,
      "efficiency": 0.1
    }
  },
  "source_domains": [
    "pol_sci_2",
    "pol_sci_1"
  ],
  "domain_descriptions": {
    "pol_sci_1": "Political Science - Level 1: AI Policy Analysis",
    "pol_sci_2": "Political Science - Level 2: AI Governance Analysis",
    "comp_sci_1": "Computer Science - Level 1: Algorithm Analysis",