{
  "timestamp": "20250226-211057",
  "aggregated_data": {
    "model_scores": {
      "o1": {
        "domain_scores": {
          "pol_sci_1": 84.2,
          "pol_sci_2": 77.3,
          "comp_sci_1": 85.2,
          "comp_sci_2": 86.6
        },
        "domain_components": {
          "pol_sci_1": {
            "performance": 76.74418604651163,
            "evaluation": 100.0,
            "efficiency": 78.99339100463703
          },
          "pol_sci_2": {
            "performance": 86.04651162790698,
            "evaluation": 59.999999999999964,
            "efficiency": 81.44257073869636
          },
          "comp_sci_1": {
            "performance": 93.02325581395348,
            "evaluation": 70.00000000000001,
            "efficiency": 88.58984551495143
          },
          "comp_sci_2": {
            "performance": 76.74418604651163,
            "evaluation": 100.0,
            "efficiency": 91.01644027441996
          }
        },
        "average_boswell_quotient": 83.325,
        "rank": 4,
        "aggregated_components": {
          "performance": 83.13953488372093,
          "evaluation": 82.5,
          "efficiency": 85.0105618831762
        },
        "consistency": 90.7,
        "domain_count": 4,
        "best_domain": "comp_sci_2",
        "worst_domain": "pol_sci_2"
      },
      "DeepSeek-Distill-Qwen-32b": {
        "domain_scores": {
          "pol_sci_1": 76.7,
          "pol_sci_2": 73.3,
          "comp_sci_1": 92.5,
          "comp_sci_2": 73.8
        },
        "domain_components": {
          "pol_sci_1": {
            "performance": 86.04651162790698,
            "evaluation": 59.999999999999964,
            "efficiency": 78.37823586371704
          },
          "pol_sci_2": {
            "performance": 76.74418604651163,
            "evaluation": 70.00000000000001,
            "efficiency": 69.52032978197076
          },
          "comp_sci_1": {
            "performance": 100.0,
            "evaluation": 100.0,
            "efficiency": 62.45867241833879
          },
          "comp_sci_2": {
            "performance": 76.74418604651163,
            "evaluation": 59.999999999999964,
            "efficiency": 87.00029833855828
          }
        },
        "average_boswell_quotient": 79.075,
        "rank": 5,
        "aggregated_components": {
          "performance": 84.88372093023256,
          "evaluation": 72.49999999999999,
          "efficiency": 74.33938410064621
        },
        "consistency": 80.8,
        "domain_count": 4,
        "best_domain": "comp_sci_1",
        "worst_domain": "pol_sci_2"
      },
      "o3-mini-high": {
        "domain_scores": {
          "pol_sci_1": 88.4,
          "pol_sci_2": 87.7,
          "comp_sci_1": 92.5,
          "comp_sci_2": 90.7
        },
        "domain_components": {
          "pol_sci_1": {
            "performance": 86.04651162790698,
            "evaluation": 100.0,
            "efficiency": 77.12681117259646
          },
          "pol_sci_2": {
            "performance": 86.04651162790698,
            "evaluation": 100.0,
            "efficiency": 73.58151902413594
          },
          "comp_sci_1": {
            "performance": 93.02325581395348,
            "evaluation": 100.0,
            "efficiency": 79.69758331923566
          },
          "comp_sci_2": {
            "performance": 86.04651162790698,
            "evaluation": 100.0,
            "efficiency": 88.56758211158194
          }
        },
        "average_boswell_quotient": 89.825,
        "rank": 1,
        "aggregated_components": {
          "performance": 87.79069767441861,
          "evaluation": 100.0,
          "efficiency": 79.7433739068875
        },
        "consistency": 95.2,
        "domain_count": 4,
        "best_domain": "comp_sci_1",
        "worst_domain": "pol_sci_2"
      },
      "GPT-4o": {
        "domain_scores": {
          "pol_sci_1": 86.7,
          "pol_sci_2": 84.8,
          "comp_sci_1": 94.0,
          "comp_sci_2": 91.4
        },
        "domain_components": {
          "pol_sci_1": {
            "performance": 86.04651162790698,
            "evaluation": 100.0,
            "efficiency": 68.50418653661431
          },
          "pol_sci_2": {
            "performance": 76.74418604651163,
            "evaluation": 100.0,
            "efficiency": 82.36500266400026
          },
          "comp_sci_1": {
            "performance": 93.02325581395348,
            "evaluation": 100.0,
            "efficiency": 87.46079973842916
          },
          "comp_sci_2": {
            "performance": 86.04651162790698,
            "evaluation": 100.0,
            "efficiency": 92.06804020723925
          }
        },
        "average_boswell_quotient": 89.225,
        "rank": 2,
        "aggregated_components": {
          "performance": 85.46511627906978,
          "evaluation": 100.0,
          "efficiency": 82.59950728657074
        },
        "consistency": 90.8,
        "domain_count": 4,
        "best_domain": "comp_sci_1",
        "worst_domain": "pol_sci_2"
      },
      "Claude-3.7-Sonnet-thinking": {
        "domain_scores": {
          "pol_sci_1": 66.4,
          "pol_sci_2": 57.6,
          "comp_sci_1": 91.3,
          "comp_sci_2": 70.8
        },
        "domain_components": {
          "pol_sci_1": {
            "performance": 86.04651162790698,
            "evaluation": 59.999999999999964,
            "efficiency": 27.100776761216245
          },
          "pol_sci_2": {
            "performance": 93.02325581395348,
            "evaluation": 0,
            "efficiency": 55.35778343736294
          },
          "comp_sci_1": {
            "performance": 93.02325581395348,
            "evaluation": 100.0,
            "efficiency": 74.0029633307915
          },
          "comp_sci_2": {
            "performance": 93.02325581395348,
            "evaluation": 29.999999999999986,
            "efficiency": 76.49240934273399
          }
        },
        "average_boswell_quotient": 71.525,
        "rank": 6,
        "aggregated_components": {
          "performance": 91.27906976744185,
          "evaluation": 47.499999999999986,
          "efficiency": 58.23848321802617
        },
        "consistency": 66.30000000000001,
        "domain_count": 4,
        "best_domain": "comp_sci_1",
        "worst_domain": "pol_sci_2"
      },
      "DeepSeek-R1-Full": {
        "domain_scores": {
          "pol_sci_1": 77.4,
          "pol_sci_2": 91.3,
          "comp_sci_1": 95.6,
          "comp_sci_2": 76.3
        },
        "domain_components": {
          "pol_sci_1": {
            "performance": 86.04651162790698,
            "evaluation": 100.0,
            "efficiency": 21.68545633517568
          },
          "pol_sci_2": {
            "performance": 86.04651162790698,
            "evaluation": 100.0
          },
          "comp_sci_1": {
            "performance": 93.02325581395348,
            "evaluation": 100.0
          },
          "comp_sci_2": {
            "performance": 86.04651162790698,
            "evaluation": 59.999999999999964
          }
        },
        "average_boswell_quotient": 85.15,
        "rank": 3,
        "aggregated_components": {
          "performance": 87.79069767441861,
          "evaluation": 89.99999999999999,
          "efficiency": 21.68545633517568
        },
        "consistency": 80.7,
        "domain_count": 4,
        "best_domain": "comp_sci_1",
        "worst_domain": "comp_sci_2"
      }
    },
    "domains_analyzed": [
      "pol_sci_1",
      "pol_sci_2",
      "comp_sci_1",
      "comp_sci_2"
    ],
    "component_weights": {
      "performance": 0.5,
      "evaluation": 0.3,
      "efficiency": 0.2
    }
  },
  "source_domains": [
    "pol_sci_1",
    "pol_sci_2",
    "comp_sci_1",
    "comp_sci_2"
  ],
  "domain_descriptions": {
    "pol_sci_1": "Political Science - Level 1: AI Policy Analysis",
    "pol_sci_2": "Political Science - Level 2: AI Governance Analysis",