{
  "timestamp": "20250305-131233",
  "aggregated_data": {
    "model_scores": {
      "Llama-3-8B": {
        "domain_scores": {
          "pol_sci_2": 84.25,
          "pol_sci_1": 72.45
        },
        "domain_components": {
          "pol_sci_2": {
            "performance": 70.58823529411765,
            "evaluation": 100.0,
            "efficiency": 82.15737945921018
          },
          "pol_sci_1": {
            "performance": 82.35294117647058,
            "evaluation": 75.0,
            "efficiency": 60.02942435316458
          }
        },
        "average_boswell_quotient": 78.35,
        "rank": 9,
        "aggregated_components": {
          "performance": 76.47058823529412,
          "evaluation": 87.5,
          "efficiency": 71.09340190618738
        },
        "consistency": 88.2,
        "domain_count": 2,
        "best_domain": "pol_sci_2",
        "worst_domain": "pol_sci_1"
      },
      "o1": {
        "domain_scores": {
          "pol_sci_2": 70.68,
          "pol_sci_1": 80.44
        },
        "domain_components": {
          "pol_sci_2": {
            "performance": 88.23529411764706,
            "evaluation": 50.0,
            "efficiency": 73.7977944641638
          },
          "pol_sci_1": {
            "performance": 88.23529411764706,
            "evaluation": 100.0,
            "efficiency": 53.17327222763806
          }
        },
        "average_boswell_quotient": 75.56,
        "rank": 13,
        "aggregated_components": {
          "performance": 88.23529411764706,
          "evaluation": 75.0,
          "efficiency": 63.48553334590093
        },
        "consistency": 90.24000000000001,
        "domain_count": 2,
        "best_domain": "pol_sci_1",
        "worst_domain": "pol_sci_2"
      },
      "Claude-3-Opus": {
        "domain_scores": {
          "pol_sci_2": 87.26,
          "pol_sci_1": 76.22
        },
        "domain_components": {
          "pol_sci_2": {
            "performance": 82.35294117647058,
            "evaluation": 100.0,
            "efficiency": 79.45875523360573
          },
          "pol_sci_1": {
            "performance": 85.29411764705883,
            "evaluation": 87.5,
            "efficiency": 55.92724365053448
          }
        },
        "average_boswell_quotient": 81.74000000000001,
        "rank": 4,
        "aggregated_components": {
          "performance": 83.8235294117647,
          "evaluation": 93.75,
          "efficiency": 67.6929994420701
        },
        "consistency": 88.96,
        "domain_count": 2,
        "best_domain": "pol_sci_2",
        "worst_domain": "pol_sci_1"
      },
      "Claude-3.7-Sonnet": {
        "domain_scores": {
          "pol_sci_2": 61.24,
          "pol_sci_1": 74.71
        },
        "domain_components": {
          "pol_sci_2": {
            "performance": 88.23529411764706,
            "evaluation": 25.0,
            "efficiency": 70.4671031913109
          },
          "pol_sci_1": {
            "performance": 82.35294117647058,
            "evaluation": 75.0,
            "efficiency": 66.79594101558294
          }
        },
        "average_boswell_quotient": 67.975,
        "rank": 22,
        "aggregated_components": {
          "performance": 85.29411764705881,
          "evaluation": 50.0,
          "efficiency": 68.63152210344691
        },
        "consistency": 86.53,
        "domain_count": 2,
        "best_domain": "pol_sci_1",
        "worst_domain": "pol_sci_2"
      },
      "GPT-3.5-Turbo": {
        "domain_scores": {
          "pol_sci_2": 66.05,
          "pol_sci_1": 78.67
        },
        "domain_components": {
          "pol_sci_2": {
            "performance": 64.70588235294117,
            "evaluation": 75.0,
            "efficiency": 58.46375913232144
          },
          "pol_sci_1": {
            "performance": 82.35294117647058,
            "evaluation": 100.0,
            "efficiency": 53.719182367036225
          }
        },
        "average_boswell_quotient": 72.36,
        "rank": 15,
        "aggregated_components": {
          "performance": 73.52941176470588,
          "evaluation": 87.5,
          "efficiency": 56.091470749678834
        },
        "consistency": 87.38,
        "domain_count": 2,
        "best_domain": "pol_sci_1",
        "worst_domain": "pol_sci_2"
      },
      "grok-beta": {
        "domain_scores": {
          "pol_sci_2": 86.83,
          "pol_sci_1": 72.95
        },
        "domain_components": {
          "pol_sci_2": {
            "performance": 82.35294117647058,
            "evaluation": 100.0,
            "efficiency": 78.17219655156066
          },
          "pol_sci_1": {
            "performance": 88.23529411764706,
            "evaluation": 75.0,
            "efficiency": 55.67075183997382
          }
        },
        "average_boswell_quotient": 79.89,
        "rank": 7,
        "aggregated_components": {
          "performance": 85.29411764705881,
          "evaluation": 87.5,
          "efficiency": 66.92147419576725
        },
        "consistency": 86.12,
        "domain_count": 2,
        "best_domain": "pol_sci_2",
        "worst_domain": "pol_sci_1"
      },
      "GPT-4o-mini": {
        "domain_scores": {
          "pol_sci_2": 66.65,
          "pol_sci_1": 76.01
        },
        "domain_components": {
          "pol_sci_2": {
            "performance": 76.47058823529412,
            "evaluation": 50.0,
            "efficiency": 73.46446685069408
          },
          "pol_sci_1": {
            "performance": 88.23529411764706,
            "evaluation": 75.0,
            "efficiency": 64.82560721646766
          }
        },
        "average_boswell_quotient": 71.33000000000001,
        "rank": 17,
        "aggregated_components": {
          "performance": 82.35294117647058,
          "evaluation": 62.5,
          "efficiency": 69.14503703358088
        },
        "consistency": 90.64,
        "domain_count": 2,
        "best_domain": "pol_sci_1",
        "worst_domain": "pol_sci_2"
      },
      "GPT-4o": {
        "domain_scores": {
          "pol_sci_2": 65.76,
          "pol_sci_1": 77.67
        },
        "domain_components": {
          "pol_sci_2": {
            "performance": 82.35294117647058,
            "evaluation": 50.0,
            "efficiency": 64.92117544350803
          },
          "pol_sci_1": {
            "performance": 82.35294117647058,
            "evaluation": 100.0,
            "efficiency": 50.75224055582369
          }
        },
        "average_boswell_quotient": 71.715,
        "rank": 16,
        "aggregated_components": {
          "performance": 82.35294117647058,
          "evaluation": 75.0,
          "efficiency": 57.83670799966586
        },
        "consistency": 88.09,
        "domain_count": 2,
        "best_domain": "pol_sci_1",
        "worst_domain": "pol_sci_2"
      },
      "Claude-3.7-Sonnet-thinking": {
        "domain_scores": {
          "pol_sci_2": 60.44,
          "pol_sci_1": 86.17
        },
        "domain_components": {
          "pol_sci_2": {
            "performance": 88.23529411764706,
            "evaluation": 25.0,
            "efficiency": 68.05446399658197
          },
          "pol_sci_1": {
            "performance": 88.23529411764706,
            "evaluation": 75.0,
            "efficiency": 95.23914023737736
          }
        },
        "average_boswell_quotient": 73.305,
        "rank": 14,
        "aggregated_components": {
          "performance": 88.23529411764706,
          "evaluation": 50.0,
          "efficiency": 81.64680211697967
        },
        "consistency": 74.27,
        "domain_count": 2,
        "best_domain": "pol_sci_1",
        "worst_domain": "pol_sci_2"
      },
      "Claude-3-Sonnet": {
        "domain_scores": {
          "pol_sci_2": 65.07,
          "pol_sci_1": 71.86
        },
        "domain_components": {
          "pol_sci_2": {
            "performance": 82.35294117647058,
            "evaluation": 50.0,